Qualitative body size,https://www.marinespecies.org/traits/wiki/Traits:QualitativeBodySize
Macrobiota ,https://www.marinespecies.org/traits/wiki/Traits:Macrobiota
Megabiota,https://www.marinespecies.org/traits/wiki/Traits:Megabiota
Meiobiota ,https://www.marinespecies.org/traits/wiki/Traits:Meiobiota
Microbiota ,https://www.marinespecies.org/traits/wiki/Traits:Microbiota
Quantitative body size,https://www.marinespecies.org/traits/wiki/Traits:QuantitativeBodySize
Body length,https://www.marinespecies.org/traits/wiki/Traits:Bodylength
Taxon specific body size,https://www.marinespecies.org/traits/wiki/Traits:TaxonSpecificBodySize
Diameter,https://www.marinespecies.org/traits/wiki/Traits:Diameter
Taxon specific body size: Fish,https://www.marinespecies.org/traits/wiki/Traits:TaxonSpecificBodySizeFish
Fork length (FL),https://www.marinespecies.org/traits/wiki/Traits:ForkLength
Standard length (SL),https://www.marinespecies.org/traits/wiki/Traits:StandardLength
Total length (TL),https://www.marinespecies.org/traits/wiki/Traits:TotalLength
Width of disc (WD),https://www.marinespecies.org/traits/wiki/Traits:WidthOfDisc
Macroalgae,https://www.marinespecies.org/traits/wiki/Traits:MacroAlgae
Width,https://www.marinespecies.org/traits/wiki/Traits:Width
Wingspan,https://www.marinespecies.org/traits/wiki/Traits:Wingspan
Taxon specific body size,https://www.marinespecies.org/traits/wiki/Traits:TaxonSpecificBodySize
Macrobiota,https://www.marinespecies.org/traits/wiki/Traits:QualitativeBodySize
Meiobiota,https://www.marinespecies.org/traits/wiki/Traits:Meiobiota
